basic_model_750_19,['input_1'],['softmax/Softmax']
basic_model_75_5,['input_1'],['softmax/Softmax']
basic_model_56_6,['input_1'],['softmax/Softmax']
basic_model_224_25,['input_1'],['softmax/Softmax']
basic_model_350_34,['input_1'],['softmax/Softmax']
basic_model_500_30,['input_1'],['softmax/Softmax']
basic_model_620_15,['input_1'],['softmax/Softmax']
basic_model_350_8,['input_1'],['softmax/Softmax']
basic_model_112_11,['input_1'],['softmax/Softmax']
basic_model_720_38,['input_1'],['softmax/Softmax']
basic_model_200_50,['input_1'],['softmax/Softmax']
basic_model_720_5,['input_1'],['softmax/Softmax']
basic_model_64_12,['input_1'],['softmax/Softmax']
basic_model_512_40,['input_1'],['softmax/Softmax']
basic_model_224_44,['input_1'],['softmax/Softmax']
basic_model_224_37,['input_1'],['softmax/Softmax']
basic_model_150_34,['input_1'],['softmax/Softmax']
basic_model_850_11,['input_1'],['softmax/Softmax']
basic_model_56_47,['input_1'],['softmax/Softmax']
basic_model_720_37,['input_1'],['softmax/Softmax']
basic_model_820_24,['input_1'],['softmax/Softmax']
basic_model_112_17,['input_1'],['softmax/Softmax']
basic_model_800_12,['input_1'],['softmax/Softmax']
basic_model_700_20,['input_1'],['softmax/Softmax']
basic_model_850_16,['input_1'],['softmax/Softmax']
basic_model_256_13,['input_1'],['softmax/Softmax']
basic_model_90_9,['input_1'],['softmax/Softmax']
basic_model_224_38,['input_1'],['softmax/Softmax']
basic_model_331_13,['input_1'],['softmax/Softmax']
basic_model_320_23,['input_1'],['softmax/Softmax']
basic_model_600_42,['input_1'],['softmax/Softmax']
basic_model_320_20,['input_1'],['softmax/Softmax']
basic_model_600_36,['input_1'],['softmax/Softmax']
basic_model_600_31,['input_1'],['softmax/Softmax']
basic_model_75_12,['input_1'],['softmax/Softmax']
