750,19
conv_tab,96,1
after_conv,1,3,1
conv_tab,350,1
after_conv,1,-1,-1
conv_tab,350,2
after_conv,0,-1,-1
conv_tab,8,5
after_conv,0,-1,-1
conv_tab,72,1
after_conv,1,2,2
conv_tab,300,1
after_conv,1,-1,-1
conv_tab,320,1
after_conv,0,-1,-1
conv_tab,100,5
after_conv,0,-1,-1
conv_tab,400,2
after_conv,0,-1,-1
conv_tab,68,5
after_conv,1,-1,-1
conv_tab,48,3
after_conv,1,3,5
conv_tab,100,1
after_conv,0,-1,-1
conv_tab,450,1
after_conv,0,-1,-1
conv_tab,48,1
after_conv,0,-1,-1
conv_tab,120,1
after_conv,0,-1,-1
conv_tab,144,1
after_conv,0,-1,-1
conv_tab,384,3
after_conv,0,-1,-1
conv_tab,150,3
after_conv,1,-1,-1
conv_tab,480,2
after_conv,1,2,5
top_tab,2,10
,,
75,5
conv_tab,331,5
after_conv,0,-1,-1
conv_tab,68,5
after_conv,1,-1,-1
conv_tab,56,5
after_conv,1,-1,-1
conv_tab,400,5
after_conv,0,-1,-1
conv_tab,96,2
after_conv,1,3,5
top_tab,2,100
,,
56,6
conv_tab,160,2
after_conv,0,-1,-1
conv_tab,40,1
after_conv,1,-1,-1
conv_tab,40,3
after_conv,1,-1,-1
conv_tab,450,2
after_conv,0,-1,-1
conv_tab,480,2
after_conv,0,-1,-1
conv_tab,64,5
after_conv,0,-1,-1
top_tab,2,200
,,
224,25
conv_tab,400,3
after_conv,0,-1,-1
conv_tab,512,1
after_conv,1,-1,-1
conv_tab,40,3
after_conv,0,-1,-1
conv_tab,512,3
after_conv,1,-1,-1
conv_tab,150,2
after_conv,0,-1,-1
conv_tab,160,5
after_conv,0,-1,-1
conv_tab,256,1
after_conv,1,-1,-1
conv_tab,331,5
after_conv,0,-1,-1
conv_tab,350,3
after_conv,0,-1,-1
conv_tab,56,5
after_conv,1,-1,-1
conv_tab,16,5
after_conv,1,-1,-1
conv_tab,72,3
after_conv,0,-1,-1
conv_tab,400,3
after_conv,1,2,5
conv_tab,40,1
after_conv,1,-1,-1
conv_tab,100,5
after_conv,1,-1,-1
conv_tab,500,2
after_conv,0,-1,-1
conv_tab,300,2
after_conv,1,3,5
conv_tab,150,5
after_conv,1,-1,-1
conv_tab,384,1
after_conv,0,-1,-1
conv_tab,96,1
after_conv,1,-1,-1
conv_tab,48,5
after_conv,0,-1,-1
conv_tab,224,2
after_conv,1,-1,-1
conv_tab,16,1
after_conv,0,-1,-1
conv_tab,480,1
after_conv,0,-1,-1
conv_tab,200,5
after_conv,0,-1,-1
top_tab,1,100
,,
350,34
conv_tab,450,5
after_conv,0,-1,-1
conv_tab,450,2
after_conv,1,-1,-1
conv_tab,144,3
after_conv,0,-1,-1
conv_tab,450,5
after_conv,0,-1,-1
conv_tab,96,1
after_conv,0,-1,-1
conv_tab,512,2
after_conv,0,-1,-1
conv_tab,384,5
after_conv,1,-1,-1
conv_tab,300,1
after_conv,0,-1,-1
conv_tab,224,3
after_conv,0,-1,-1
conv_tab,72,5
after_conv,1,-1,-1
conv_tab,120,5
after_conv,1,2,4
conv_tab,100,3
after_conv,1,-1,-1
conv_tab,288,3
after_conv,0,-1,-1
conv_tab,120,1
after_conv,0,-1,-1
conv_tab,320,2
after_conv,0,-1,-1
conv_tab,224,3
after_conv,0,-1,-1
conv_tab,8,5
after_conv,0,-1,-1
conv_tab,300,5
after_conv,1,-1,-1
conv_tab,68,2
after_conv,1,-1,-1
conv_tab,48,5
after_conv,0,-1,-1
conv_tab,384,3
after_conv,1,3,3
conv_tab,80,1
after_conv,1,-1,-1
conv_tab,256,2
after_conv,0,-1,-1
conv_tab,100,3
after_conv,1,-1,-1
conv_tab,512,1
after_conv,1,-1,-1
conv_tab,350,2
after_conv,0,-1,-1
conv_tab,72,1
after_conv,0,-1,-1
conv_tab,480,1
after_conv,0,-1,-1
conv_tab,96,5
after_conv,1,-1,-1
conv_tab,400,5
after_conv,1,-1,-1
conv_tab,480,3
after_conv,1,3,4
conv_tab,120,2
after_conv,0,-1,-1
conv_tab,48,1
after_conv,0,-1,-1
conv_tab,32,5
after_conv,0,-1,-1
top_tab,0,1000
,,
500,30
conv_tab,96,1
after_conv,0,-1,-1
conv_tab,331,2
after_conv,1,-1,-1
conv_tab,160,5
after_conv,1,3,3
conv_tab,320,2
after_conv,1,-1,-1
conv_tab,112,1
after_conv,0,-1,-1
conv_tab,68,3
after_conv,0,-1,-1
conv_tab,160,5
after_conv,0,-1,-1
conv_tab,300,1
after_conv,1,-1,-1
conv_tab,72,2
after_conv,0,-1,-1
conv_tab,68,3
after_conv,1,-1,-1
conv_tab,384,1
after_conv,1,3,2
conv_tab,331,3
after_conv,0,-1,-1
conv_tab,480,3
after_conv,1,2,3
conv_tab,64,5
after_conv,1,-1,-1
conv_tab,350,5
after_conv,1,2,3
conv_tab,192,3
after_conv,1,-1,-1
conv_tab,128,2
after_conv,0,-1,-1
conv_tab,350,3
after_conv,1,-1,-1
conv_tab,320,3
after_conv,0,-1,-1
conv_tab,56,3
after_conv,0,-1,-1
conv_tab,224,5
after_conv,1,2,1
conv_tab,100,1
after_conv,0,-1,-1
conv_tab,192,3
after_conv,0,-1,-1
conv_tab,512,5
after_conv,1,-1,-1
conv_tab,16,5
after_conv,1,2,1
conv_tab,150,5
after_conv,0,-1,-1
conv_tab,144,3
after_conv,0,-1,-1
conv_tab,16,5
after_conv,1,-1,-1
conv_tab,32,5
after_conv,1,3,3
conv_tab,48,1
after_conv,1,-1,-1
top_tab,0,500
,,
620,15
conv_tab,68,5
after_conv,0,-1,-1
conv_tab,384,3
after_conv,1,-1,-1
conv_tab,48,2
after_conv,0,-1,-1
conv_tab,400,5
after_conv,0,-1,-1
conv_tab,16,5
after_conv,1,-1,-1
conv_tab,150,5
after_conv,0,-1,-1
conv_tab,112,1
after_conv,0,-1,-1
conv_tab,56,5
after_conv,0,-1,-1
conv_tab,150,2
after_conv,1,-1,-1
conv_tab,68,2
after_conv,1,-1,-1
conv_tab,8,3
after_conv,1,3,4
conv_tab,400,5
after_conv,1,-1,-1
conv_tab,112,3
after_conv,0,-1,-1
conv_tab,96,2
after_conv,1,-1,-1
conv_tab,288,3
after_conv,0,-1,-1
top_tab,1,200
,,
350,8
conv_tab,68,3
after_conv,1,3,5
conv_tab,331,2
after_conv,0,-1,-1
conv_tab,8,1
after_conv,1,-1,-1
conv_tab,120,2
after_conv,1,-1,-1
conv_tab,56,2
after_conv,1,2,3
conv_tab,224,1
after_conv,1,-1,-1
conv_tab,68,2
after_conv,1,-1,-1
conv_tab,144,3
after_conv,1,-1,-1
top_tab,1,500
,,
112,11
conv_tab,200,3
after_conv,1,3,4
conv_tab,200,2
after_conv,0,-1,-1
conv_tab,320,1
after_conv,0,-1,-1
conv_tab,120,1
after_conv,1,-1,-1
conv_tab,400,2
after_conv,0,-1,-1
conv_tab,350,5
after_conv,0,-1,-1
conv_tab,384,1
after_conv,1,-1,-1
conv_tab,192,2
after_conv,0,-1,-1
conv_tab,48,3
after_conv,1,-1,-1
conv_tab,192,5
after_conv,1,-1,-1
conv_tab,288,2
after_conv,1,3,3
top_tab,1,200
,,
720,38
conv_tab,48,1
after_conv,0,-1,-1
conv_tab,224,2
after_conv,1,-1,-1
conv_tab,450,5
after_conv,1,-1,-1
conv_tab,8,1
after_conv,0,-1,-1
conv_tab,64,1
after_conv,0,-1,-1
conv_tab,150,2
after_conv,0,-1,-1
conv_tab,24,5
after_conv,0,-1,-1
conv_tab,96,1
after_conv,1,-1,-1
conv_tab,350,1
after_conv,1,-1,-1
conv_tab,16,5
after_conv,0,-1,-1
conv_tab,128,2
after_conv,0,-1,-1
conv_tab,500,1
after_conv,0,-1,-1
conv_tab,68,1
after_conv,1,2,2
conv_tab,32,1
after_conv,0,-1,-1
conv_tab,96,5
after_conv,1,-1,-1
conv_tab,224,1
after_conv,0,-1,-1
conv_tab,128,1
after_conv,0,-1,-1
conv_tab,224,2
after_conv,0,-1,-1
conv_tab,100,3
after_conv,0,-1,-1
conv_tab,384,3
after_conv,1,-1,-1
conv_tab,128,2
after_conv,0,-1,-1
conv_tab,64,2
after_conv,0,-1,-1
conv_tab,64,2
after_conv,0,-1,-1
conv_tab,56,5
after_conv,0,-1,-1
conv_tab,80,1
after_conv,0,-1,-1
conv_tab,192,1
after_conv,0,-1,-1
conv_tab,48,2
after_conv,1,-1,-1
conv_tab,32,1
after_conv,1,2,5
conv_tab,288,3
after_conv,0,-1,-1
conv_tab,512,5
after_conv,1,-1,-1
conv_tab,160,1
after_conv,0,-1,-1
conv_tab,450,5
after_conv,0,-1,-1
conv_tab,256,2
after_conv,0,-1,-1
conv_tab,224,3
after_conv,0,-1,-1
conv_tab,331,3
after_conv,0,-1,-1
conv_tab,100,1
after_conv,0,-1,-1
conv_tab,384,5
after_conv,0,-1,-1
conv_tab,160,3
after_conv,1,-1,-1
top_tab,2,200
,,
200,50
conv_tab,128,5
after_conv,1,2,2
conv_tab,72,3
after_conv,1,-1,-1
conv_tab,96,5
after_conv,0,-1,-1
conv_tab,64,5
after_conv,0,-1,-1
conv_tab,331,1
after_conv,0,-1,-1
conv_tab,400,1
after_conv,0,-1,-1
conv_tab,112,3
after_conv,0,-1,-1
conv_tab,192,5
after_conv,1,-1,-1
conv_tab,300,1
after_conv,0,-1,-1
conv_tab,400,1
after_conv,1,-1,-1
conv_tab,150,2
after_conv,1,3,3
conv_tab,40,1
after_conv,0,-1,-1
conv_tab,96,1
after_conv,1,-1,-1
conv_tab,72,2
after_conv,0,-1,-1
conv_tab,400,1
after_conv,1,-1,-1
conv_tab,16,3
after_conv,0,-1,-1
conv_tab,16,5
after_conv,1,-1,-1
conv_tab,24,5
after_conv,1,-1,-1
conv_tab,480,2
after_conv,1,-1,-1
conv_tab,40,3
after_conv,0,-1,-1
conv_tab,288,1
after_conv,1,3,2
conv_tab,100,2
after_conv,0,-1,-1
conv_tab,112,2
after_conv,1,-1,-1
conv_tab,120,5
after_conv,0,-1,-1
conv_tab,144,5
after_conv,1,-1,-1
conv_tab,16,2
after_conv,0,-1,-1
conv_tab,256,5
after_conv,1,-1,-1
conv_tab,350,5
after_conv,1,-1,-1
conv_tab,320,1
after_conv,1,-1,-1
conv_tab,68,2
after_conv,1,-1,-1
conv_tab,24,2
after_conv,0,-1,-1
conv_tab,80,2
after_conv,1,-1,-1
conv_tab,300,3
after_conv,0,-1,-1
conv_tab,96,2
after_conv,1,-1,-1
conv_tab,320,3
after_conv,0,-1,-1
conv_tab,112,5
after_conv,0,-1,-1
conv_tab,72,3
after_conv,1,-1,-1
conv_tab,400,2
after_conv,0,-1,-1
conv_tab,150,2
after_conv,0,-1,-1
conv_tab,331,1
after_conv,0,-1,-1
conv_tab,64,2
after_conv,1,2,1
conv_tab,400,5
after_conv,0,-1,-1
conv_tab,150,5
after_conv,1,-1,-1
conv_tab,200,2
after_conv,1,-1,-1
conv_tab,200,2
after_conv,1,-1,-1
conv_tab,331,1
after_conv,1,3,3
conv_tab,48,5
after_conv,1,-1,-1
conv_tab,384,2
after_conv,0,-1,-1
conv_tab,16,2
after_conv,0,-1,-1
conv_tab,32,2
after_conv,1,-1,-1
top_tab,2,10
,,
720,5
conv_tab,450,5
after_conv,1,2,1
conv_tab,384,1
after_conv,0,-1,-1
conv_tab,120,1
after_conv,0,-1,-1
conv_tab,64,3
after_conv,0,-1,-1
conv_tab,160,1
after_conv,1,2,2
top_tab,1,200
,,
64,12
conv_tab,256,2
after_conv,1,2,3
conv_tab,480,2
after_conv,0,-1,-1
conv_tab,450,3
after_conv,0,-1,-1
conv_tab,96,3
after_conv,1,2,4
conv_tab,160,3
after_conv,0,-1,-1
conv_tab,450,2
after_conv,0,-1,-1
conv_tab,150,5
after_conv,1,2,2
conv_tab,68,3
after_conv,1,-1,-1
conv_tab,350,5
after_conv,0,-1,-1
conv_tab,256,3
after_conv,1,2,5
conv_tab,500,1
after_conv,1,-1,-1
conv_tab,384,2
after_conv,0,-1,-1
top_tab,2,500
,,
512,40
conv_tab,80,3
after_conv,1,3,5
conv_tab,56,1
after_conv,0,-1,-1
conv_tab,144,2
after_conv,0,-1,-1
conv_tab,100,5
after_conv,1,-1,-1
conv_tab,192,3
after_conv,1,3,1
conv_tab,480,2
after_conv,0,-1,-1
conv_tab,68,1
after_conv,1,-1,-1
conv_tab,256,1
after_conv,1,-1,-1
conv_tab,56,1
after_conv,1,2,4
conv_tab,200,1
after_conv,0,-1,-1
conv_tab,320,5
after_conv,0,-1,-1
conv_tab,24,1
after_conv,1,-1,-1
conv_tab,100,2
after_conv,0,-1,-1
conv_tab,112,5
after_conv,1,-1,-1
conv_tab,400,2
after_conv,0,-1,-1
conv_tab,450,5
after_conv,0,-1,-1
conv_tab,120,5
after_conv,1,2,1
conv_tab,48,2
after_conv,0,-1,-1
conv_tab,128,3
after_conv,1,-1,-1
conv_tab,64,1
after_conv,1,-1,-1
conv_tab,48,3
after_conv,1,3,3
conv_tab,450,5
after_conv,1,-1,-1
conv_tab,64,3
after_conv,0,-1,-1
conv_tab,128,1
after_conv,1,-1,-1
conv_tab,68,1
after_conv,1,3,3
conv_tab,224,3
after_conv,0,-1,-1
conv_tab,8,5
after_conv,0,-1,-1
conv_tab,450,1
after_conv,0,-1,-1
conv_tab,68,1
after_conv,0,-1,-1
conv_tab,32,3
after_conv,1,-1,-1
conv_tab,100,3
after_conv,1,-1,-1
conv_tab,331,3
after_conv,1,-1,-1
conv_tab,128,1
after_conv,0,-1,-1
conv_tab,112,2
after_conv,1,-1,-1
conv_tab,480,5
after_conv,1,-1,-1
conv_tab,144,5
after_conv,1,-1,-1
conv_tab,8,5
after_conv,0,-1,-1
conv_tab,480,1
after_conv,1,-1,-1
conv_tab,350,1
after_conv,0,-1,-1
conv_tab,320,1
after_conv,0,-1,-1
top_tab,2,100
,,
224,44
conv_tab,224,2
after_conv,0,-1,-1
conv_tab,331,5
after_conv,1,-1,-1
conv_tab,16,2
after_conv,0,-1,-1
conv_tab,72,3
after_conv,0,-1,-1
conv_tab,128,1
after_conv,1,3,4
conv_tab,300,1
after_conv,1,-1,-1
conv_tab,68,1
after_conv,0,-1,-1
conv_tab,8,3
after_conv,1,-1,-1
conv_tab,32,2
after_conv,1,2,3
conv_tab,224,2
after_conv,1,-1,-1
conv_tab,150,5
after_conv,1,-1,-1
conv_tab,160,3
after_conv,0,-1,-1
conv_tab,16,2
after_conv,1,2,1
conv_tab,288,2
after_conv,0,-1,-1
conv_tab,384,1
after_conv,0,-1,-1
conv_tab,450,5
after_conv,0,-1,-1
conv_tab,384,1
after_conv,0,-1,-1
conv_tab,40,3
after_conv,1,-1,-1
conv_tab,96,1
after_conv,0,-1,-1
conv_tab,72,3
after_conv,1,-1,-1
conv_tab,288,2
after_conv,0,-1,-1
conv_tab,320,1
after_conv,0,-1,-1
conv_tab,68,5
after_conv,0,-1,-1
conv_tab,40,3
after_conv,0,-1,-1
conv_tab,331,1
after_conv,1,2,2
conv_tab,400,2
after_conv,0,-1,-1
conv_tab,224,5
after_conv,0,-1,-1
conv_tab,331,2
after_conv,1,-1,-1
conv_tab,96,2
after_conv,0,-1,-1
conv_tab,160,5
after_conv,1,-1,-1
conv_tab,450,1
after_conv,1,-1,-1
conv_tab,144,3
after_conv,1,-1,-1
conv_tab,68,1
after_conv,0,-1,-1
conv_tab,68,1
after_conv,0,-1,-1
conv_tab,450,1
after_conv,0,-1,-1
conv_tab,192,3
after_conv,1,-1,-1
conv_tab,480,1
after_conv,0,-1,-1
conv_tab,320,2
after_conv,0,-1,-1
conv_tab,120,1
after_conv,0,-1,-1
conv_tab,8,5
after_conv,1,-1,-1
conv_tab,16,2
after_conv,1,3,5
conv_tab,80,2
after_conv,0,-1,-1
conv_tab,100,5
after_conv,1,-1,-1
conv_tab,64,1
after_conv,1,-1,-1
top_tab,0,500
,,
224,37
conv_tab,224,2
after_conv,0,-1,-1
conv_tab,64,5
after_conv,1,-1,-1
conv_tab,192,5
after_conv,0,-1,-1
conv_tab,192,5
after_conv,0,-1,-1
conv_tab,500,1
after_conv,1,-1,-1
conv_tab,128,3
after_conv,0,-1,-1
conv_tab,331,5
after_conv,1,-1,-1
conv_tab,400,1
after_conv,0,-1,-1
conv_tab,112,5
after_conv,1,-1,-1
conv_tab,64,5
after_conv,0,-1,-1
conv_tab,8,1
after_conv,1,2,4
conv_tab,144,1
after_conv,1,-1,-1
conv_tab,160,3
after_conv,0,-1,-1
conv_tab,120,1
after_conv,0,-1,-1
conv_tab,224,2
after_conv,0,-1,-1
conv_tab,450,2
after_conv,0,-1,-1
conv_tab,56,5
after_conv,1,-1,-1
conv_tab,80,5
after_conv,0,-1,-1
conv_tab,80,2
after_conv,0,-1,-1
conv_tab,24,5
after_conv,1,-1,-1
conv_tab,16,1
after_conv,0,-1,-1
conv_tab,224,2
after_conv,1,-1,-1
conv_tab,56,3
after_conv,1,-1,-1
conv_tab,24,5
after_conv,1,-1,-1
conv_tab,112,1
after_conv,1,-1,-1
conv_tab,64,2
after_conv,1,3,5
conv_tab,450,3
after_conv,1,-1,-1
conv_tab,256,3
after_conv,0,-1,-1
conv_tab,72,3
after_conv,1,-1,-1
conv_tab,512,1
after_conv,0,-1,-1
conv_tab,150,2
after_conv,1,2,4
conv_tab,32,2
after_conv,1,-1,-1
conv_tab,224,3
after_conv,1,-1,-1
conv_tab,68,5
after_conv,1,-1,-1
conv_tab,24,1
after_conv,0,-1,-1
conv_tab,112,2
after_conv,0,-1,-1
conv_tab,480,2
after_conv,1,-1,-1
top_tab,1,500
,,
150,34
conv_tab,56,5
after_conv,1,2,1
conv_tab,400,5
after_conv,1,-1,-1
conv_tab,120,2
after_conv,0,-1,-1
conv_tab,128,5
after_conv,1,3,1
conv_tab,384,1
after_conv,0,-1,-1
conv_tab,500,5
after_conv,0,-1,-1
conv_tab,112,2
after_conv,0,-1,-1
conv_tab,112,5
after_conv,1,-1,-1
conv_tab,288,2
after_conv,0,-1,-1
conv_tab,200,3
after_conv,1,3,4
conv_tab,320,3
after_conv,1,-1,-1
conv_tab,331,2
after_conv,1,-1,-1
conv_tab,68,3
after_conv,0,-1,-1
conv_tab,200,1
after_conv,1,-1,-1
conv_tab,40,2
after_conv,0,-1,-1
conv_tab,331,3
after_conv,1,3,3
conv_tab,480,5
after_conv,1,-1,-1
conv_tab,224,5
after_conv,1,-1,-1
conv_tab,384,3
after_conv,1,3,1
conv_tab,128,2
after_conv,1,-1,-1
conv_tab,96,5
after_conv,0,-1,-1
conv_tab,128,5
after_conv,1,2,2
conv_tab,68,3
after_conv,0,-1,-1
conv_tab,56,3
after_conv,1,-1,-1
conv_tab,64,1
after_conv,0,-1,-1
conv_tab,192,3
after_conv,0,-1,-1
conv_tab,128,1
after_conv,0,-1,-1
conv_tab,331,1
after_conv,0,-1,-1
conv_tab,56,1
after_conv,0,-1,-1
conv_tab,300,3
after_conv,1,-1,-1
conv_tab,128,1
after_conv,0,-1,-1
conv_tab,160,5
after_conv,1,-1,-1
conv_tab,160,2
after_conv,0,-1,-1
conv_tab,72,2
after_conv,1,2,1
top_tab,0,10
,,
850,11
conv_tab,400,5
after_conv,0,-1,-1
conv_tab,150,3
after_conv,0,-1,-1
conv_tab,200,3
after_conv,1,-1,-1
conv_tab,200,2
after_conv,0,-1,-1
conv_tab,96,1
after_conv,1,-1,-1
conv_tab,192,2
after_conv,0,-1,-1
conv_tab,160,1
after_conv,0,-1,-1
conv_tab,128,2
after_conv,1,-1,-1
conv_tab,200,2
after_conv,1,-1,-1
conv_tab,64,5
after_conv,0,-1,-1
conv_tab,8,1
after_conv,0,-1,-1
top_tab,0,200
,,
56,47
conv_tab,16,5
after_conv,0,-1,-1
conv_tab,350,5
after_conv,1,-1,-1
conv_tab,288,3
after_conv,0,-1,-1
conv_tab,112,2
after_conv,1,-1,-1
conv_tab,80,5
after_conv,0,-1,-1
conv_tab,480,2
after_conv,0,-1,-1
conv_tab,224,3
after_conv,1,-1,-1
conv_tab,150,1
after_conv,0,-1,-1
conv_tab,400,2
after_conv,1,3,4
conv_tab,80,5
after_conv,1,-1,-1
conv_tab,500,3
after_conv,0,-1,-1
conv_tab,150,3
after_conv,1,-1,-1
conv_tab,128,2
after_conv,0,-1,-1
conv_tab,300,5
after_conv,0,-1,-1
conv_tab,68,2
after_conv,1,-1,-1
conv_tab,16,1
after_conv,1,-1,-1
conv_tab,144,5
after_conv,1,2,1
conv_tab,320,1
after_conv,1,-1,-1
conv_tab,100,3
after_conv,0,-1,-1
conv_tab,80,2
after_conv,0,-1,-1
conv_tab,200,3
after_conv,0,-1,-1
conv_tab,100,2
after_conv,0,-1,-1
conv_tab,96,5
after_conv,1,-1,-1
conv_tab,144,5
after_conv,0,-1,-1
conv_tab,512,3
after_conv,0,-1,-1
conv_tab,500,3
after_conv,1,-1,-1
conv_tab,112,5
after_conv,1,-1,-1
conv_tab,96,3
after_conv,1,-1,-1
conv_tab,16,2
after_conv,1,3,1
conv_tab,100,2
after_conv,1,-1,-1
conv_tab,384,2
after_conv,1,-1,-1
conv_tab,450,2
after_conv,0,-1,-1
conv_tab,128,1
after_conv,1,2,3
conv_tab,300,1
after_conv,0,-1,-1
conv_tab,450,2
after_conv,0,-1,-1
conv_tab,320,5
after_conv,0,-1,-1
conv_tab,500,5
after_conv,0,-1,-1
conv_tab,500,1
after_conv,0,-1,-1
conv_tab,331,1
after_conv,0,-1,-1
conv_tab,48,3
after_conv,1,-1,-1
conv_tab,32,2
after_conv,1,3,5
conv_tab,384,5
after_conv,0,-1,-1
conv_tab,320,2
after_conv,0,-1,-1
conv_tab,288,2
after_conv,0,-1,-1
conv_tab,16,2
after_conv,0,-1,-1
conv_tab,96,1
after_conv,1,-1,-1
conv_tab,224,3
after_conv,0,-1,-1
top_tab,0,100
,,
720,37
conv_tab,480,3
after_conv,1,3,3
conv_tab,384,5
after_conv,0,-1,-1
conv_tab,48,1
after_conv,0,-1,-1
conv_tab,80,3
after_conv,0,-1,-1
conv_tab,68,3
after_conv,0,-1,-1
conv_tab,320,1
after_conv,0,-1,-1
conv_tab,120,5
after_conv,0,-1,-1
conv_tab,192,1
after_conv,1,-1,-1
conv_tab,64,5
after_conv,1,-1,-1
conv_tab,40,3
after_conv,0,-1,-1
conv_tab,150,1
after_conv,0,-1,-1
conv_tab,450,3
after_conv,0,-1,-1
conv_tab,96,3
after_conv,0,-1,-1
conv_tab,40,5
after_conv,1,-1,-1
conv_tab,16,3
after_conv,0,-1,-1
conv_tab,112,1
after_conv,1,2,4
conv_tab,256,2
after_conv,0,-1,-1
conv_tab,160,3
after_conv,0,-1,-1
conv_tab,288,3
after_conv,1,2,5
conv_tab,350,1
after_conv,0,-1,-1
conv_tab,300,1
after_conv,0,-1,-1
conv_tab,72,1
after_conv,1,3,1
conv_tab,128,2
after_conv,1,-1,-1
conv_tab,480,3
after_conv,0,-1,-1
conv_tab,500,5
after_conv,0,-1,-1
conv_tab,224,5
after_conv,1,-1,-1
conv_tab,144,3
after_conv,1,-1,-1
conv_tab,500,2
after_conv,1,2,1
conv_tab,120,3
after_conv,1,-1,-1
conv_tab,48,2
after_conv,0,-1,-1
conv_tab,64,5
after_conv,0,-1,-1
conv_tab,72,1
after_conv,0,-1,-1
conv_tab,64,1
after_conv,1,-1,-1
conv_tab,32,1
after_conv,1,3,4
conv_tab,112,3
after_conv,1,-1,-1
conv_tab,320,2
after_conv,0,-1,-1
conv_tab,32,3
after_conv,0,-1,-1
top_tab,1,1000
,,
820,24
conv_tab,288,3
after_conv,0,-1,-1
conv_tab,40,2
after_conv,0,-1,-1
conv_tab,56,2
after_conv,1,-1,-1
conv_tab,450,2
after_conv,1,-1,-1
conv_tab,224,2
after_conv,1,-1,-1
conv_tab,400,5
after_conv,0,-1,-1
conv_tab,56,5
after_conv,0,-1,-1
conv_tab,400,1
after_conv,1,-1,-1
conv_tab,68,5
after_conv,0,-1,-1
conv_tab,32,3
after_conv,1,-1,-1
conv_tab,64,3
after_conv,1,3,3
conv_tab,40,5
after_conv,0,-1,-1
conv_tab,150,1
after_conv,1,-1,-1
conv_tab,56,1
after_conv,0,-1,-1
conv_tab,192,1
after_conv,1,-1,-1
conv_tab,450,1
after_conv,0,-1,-1
conv_tab,331,3
after_conv,1,-1,-1
conv_tab,120,5
after_conv,1,-1,-1
conv_tab,400,5
after_conv,0,-1,-1
conv_tab,192,2
after_conv,0,-1,-1
conv_tab,80,5
after_conv,0,-1,-1
conv_tab,300,3
after_conv,0,-1,-1
conv_tab,112,5
after_conv,1,-1,-1
conv_tab,72,2
after_conv,1,-1,-1
top_tab,2,10
,,
112,17
conv_tab,144,1
after_conv,0,-1,-1
conv_tab,112,3
after_conv,0,-1,-1
conv_tab,384,2
after_conv,0,-1,-1
conv_tab,100,5
after_conv,1,-1,-1
conv_tab,320,1
after_conv,1,2,3
conv_tab,450,1
after_conv,1,-1,-1
conv_tab,80,5
after_conv,0,-1,-1
conv_tab,128,1
after_conv,1,-1,-1
conv_tab,384,2
after_conv,0,-1,-1
conv_tab,500,5
after_conv,1,-1,-1
conv_tab,450,1
after_conv,1,3,4
conv_tab,500,5
after_conv,0,-1,-1
conv_tab,16,5
after_conv,1,3,1
conv_tab,192,5
after_conv,1,-1,-1
conv_tab,512,1
after_conv,0,-1,-1
conv_tab,256,3
after_conv,0,-1,-1
conv_tab,120,3
after_conv,1,2,2
top_tab,1,10
,,
800,12
conv_tab,500,1
after_conv,1,2,3
conv_tab,112,5
after_conv,0,-1,-1
conv_tab,320,1
after_conv,1,-1,-1
conv_tab,100,1
after_conv,0,-1,-1
conv_tab,450,3
after_conv,1,3,4
conv_tab,160,3
after_conv,1,-1,-1
conv_tab,64,2
after_conv,0,-1,-1
conv_tab,40,5
after_conv,1,-1,-1
conv_tab,68,2
after_conv,1,2,5
conv_tab,120,3
after_conv,1,-1,-1
conv_tab,224,5
after_conv,1,-1,-1
conv_tab,8,5
after_conv,0,-1,-1
top_tab,0,100
,,
700,20
conv_tab,450,2
after_conv,1,2,3
conv_tab,68,1
after_conv,0,-1,-1
conv_tab,150,3
after_conv,1,-1,-1
conv_tab,331,2
after_conv,1,-1,-1
conv_tab,224,3
after_conv,0,-1,-1
conv_tab,288,5
after_conv,0,-1,-1
conv_tab,80,2
after_conv,1,-1,-1
conv_tab,480,2
after_conv,0,-1,-1
conv_tab,150,2
after_conv,1,-1,-1
conv_tab,331,1
after_conv,0,-1,-1
conv_tab,224,2
after_conv,1,3,2
conv_tab,200,3
after_conv,1,-1,-1
conv_tab,56,3
after_conv,0,-1,-1
conv_tab,48,3
after_conv,1,-1,-1
conv_tab,64,2
after_conv,1,-1,-1
conv_tab,100,1
after_conv,0,-1,-1
conv_tab,400,5
after_conv,1,-1,-1
conv_tab,256,2
after_conv,0,-1,-1
conv_tab,320,1
after_conv,0,-1,-1
conv_tab,72,2
after_conv,1,-1,-1
top_tab,1,200
,,
850,16
conv_tab,80,1
after_conv,0,-1,-1
conv_tab,384,2
after_conv,1,-1,-1
conv_tab,64,2
after_conv,0,-1,-1
conv_tab,384,2
after_conv,0,-1,-1
conv_tab,350,3
after_conv,0,-1,-1
conv_tab,16,3
after_conv,0,-1,-1
conv_tab,200,3
after_conv,1,2,3
conv_tab,500,5
after_conv,0,-1,-1
conv_tab,331,1
after_conv,0,-1,-1
conv_tab,350,3
after_conv,1,-1,-1
conv_tab,48,5
after_conv,0,-1,-1
conv_tab,120,5
after_conv,0,-1,-1
conv_tab,224,1
after_conv,1,2,4
conv_tab,48,1
after_conv,0,-1,-1
conv_tab,150,2
after_conv,0,-1,-1
conv_tab,24,3
after_conv,0,-1,-1
top_tab,2,100
,,
256,13
conv_tab,32,3
after_conv,1,2,1
conv_tab,192,2
after_conv,1,-1,-1
conv_tab,200,3
after_conv,1,-1,-1
conv_tab,200,2
after_conv,0,-1,-1
conv_tab,48,1
after_conv,1,-1,-1
conv_tab,500,2
after_conv,0,-1,-1
conv_tab,24,1
after_conv,1,3,2
conv_tab,200,1
after_conv,1,-1,-1
conv_tab,100,5
after_conv,0,-1,-1
conv_tab,80,5
after_conv,1,2,3
conv_tab,400,2
after_conv,1,-1,-1
conv_tab,56,5
after_conv,0,-1,-1
conv_tab,100,3
after_conv,0,-1,-1
top_tab,0,10
,,
90,9
conv_tab,68,1
after_conv,1,2,1
conv_tab,384,3
after_conv,0,-1,-1
conv_tab,144,2
after_conv,0,-1,-1
conv_tab,300,1
after_conv,0,-1,-1
conv_tab,384,1
after_conv,1,2,2
conv_tab,500,5
after_conv,1,-1,-1
conv_tab,16,5
after_conv,0,-1,-1
conv_tab,144,3
after_conv,0,-1,-1
conv_tab,48,2
after_conv,1,3,3
top_tab,0,500
,,
224,38
conv_tab,300,5
after_conv,0,-1,-1
conv_tab,192,3
after_conv,0,-1,-1
conv_tab,112,2
after_conv,1,-1,-1
conv_tab,24,3
after_conv,0,-1,-1
conv_tab,68,1
after_conv,1,-1,-1
conv_tab,224,5
after_conv,0,-1,-1
conv_tab,16,1
after_conv,0,-1,-1
conv_tab,56,5
after_conv,0,-1,-1
conv_tab,256,1
after_conv,1,-1,-1
conv_tab,40,5
after_conv,0,-1,-1
conv_tab,450,3
after_conv,0,-1,-1
conv_tab,100,2
after_conv,1,-1,-1
conv_tab,40,5
after_conv,1,-1,-1
conv_tab,32,1
after_conv,1,-1,-1
conv_tab,16,2
after_conv,0,-1,-1
conv_tab,56,1
after_conv,0,-1,-1
conv_tab,150,5
after_conv,1,-1,-1
conv_tab,256,2
after_conv,1,-1,-1
conv_tab,192,1
after_conv,0,-1,-1
conv_tab,500,3
after_conv,0,-1,-1
conv_tab,8,2
after_conv,0,-1,-1
conv_tab,500,2
after_conv,1,-1,-1
conv_tab,100,5
after_conv,0,-1,-1
conv_tab,150,5
after_conv,0,-1,-1
conv_tab,68,1
after_conv,0,-1,-1
conv_tab,48,2
after_conv,0,-1,-1
conv_tab,288,1
after_conv,1,-1,-1
conv_tab,100,3
after_conv,0,-1,-1
conv_tab,68,5
after_conv,0,-1,-1
conv_tab,72,5
after_conv,1,-1,-1
conv_tab,68,1
after_conv,1,2,1
conv_tab,64,5
after_conv,1,-1,-1
conv_tab,128,3
after_conv,1,-1,-1
conv_tab,500,1
after_conv,0,-1,-1
conv_tab,384,5
after_conv,1,-1,-1
conv_tab,128,2
after_conv,1,2,5
conv_tab,40,1
after_conv,0,-1,-1
conv_tab,331,5
after_conv,0,-1,-1
top_tab,0,500
,,
331,13
conv_tab,450,3
after_conv,0,-1,-1
conv_tab,288,3
after_conv,0,-1,-1
conv_tab,192,2
after_conv,0,-1,-1
conv_tab,331,5
after_conv,1,-1,-1
conv_tab,72,3
after_conv,0,-1,-1
conv_tab,40,5
after_conv,0,-1,-1
conv_tab,300,2
after_conv,1,2,5
conv_tab,256,1
after_conv,1,-1,-1
conv_tab,40,5
after_conv,1,3,5
conv_tab,32,3
after_conv,1,-1,-1
conv_tab,288,3
after_conv,1,2,5
conv_tab,192,3
after_conv,0,-1,-1
conv_tab,56,2
after_conv,1,3,5
top_tab,0,1000
,,
320,23
conv_tab,288,3
after_conv,0,-1,-1
conv_tab,16,2
after_conv,0,-1,-1
conv_tab,288,3
after_conv,0,-1,-1
conv_tab,350,1
after_conv,0,-1,-1
conv_tab,112,2
after_conv,0,-1,-1
conv_tab,16,5
after_conv,1,-1,-1
conv_tab,64,5
after_conv,1,-1,-1
conv_tab,24,2
after_conv,0,-1,-1
conv_tab,16,5
after_conv,0,-1,-1
conv_tab,192,2
after_conv,1,-1,-1
conv_tab,256,2
after_conv,1,-1,-1
conv_tab,64,3
after_conv,1,-1,-1
conv_tab,72,2
after_conv,1,3,5
conv_tab,128,5
after_conv,0,-1,-1
conv_tab,400,2
after_conv,0,-1,-1
conv_tab,96,3
after_conv,0,-1,-1
conv_tab,112,3
after_conv,1,3,3
conv_tab,48,3
after_conv,1,-1,-1
conv_tab,8,5
after_conv,0,-1,-1
conv_tab,24,3
after_conv,0,-1,-1
conv_tab,512,3
after_conv,1,3,2
conv_tab,192,2
after_conv,0,-1,-1
conv_tab,56,5
after_conv,0,-1,-1
top_tab,1,100
,,
600,42
conv_tab,112,3
after_conv,1,3,4
conv_tab,512,3
after_conv,1,-1,-1
conv_tab,150,3
after_conv,0,-1,-1
conv_tab,128,2
after_conv,1,-1,-1
conv_tab,288,2
after_conv,0,-1,-1
conv_tab,32,2
after_conv,0,-1,-1
conv_tab,40,1
after_conv,0,-1,-1
conv_tab,100,2
after_conv,0,-1,-1
conv_tab,80,1
after_conv,1,2,1
conv_tab,288,3
after_conv,1,-1,-1
conv_tab,384,2
after_conv,0,-1,-1
conv_tab,320,2
after_conv,1,-1,-1
conv_tab,192,3
after_conv,0,-1,-1
conv_tab,16,1
after_conv,0,-1,-1
conv_tab,24,5
after_conv,1,-1,-1
conv_tab,56,5
after_conv,1,-1,-1
conv_tab,56,1
after_conv,1,2,2
conv_tab,300,2
after_conv,0,-1,-1
conv_tab,32,1
after_conv,1,-1,-1
conv_tab,120,5
after_conv,0,-1,-1
conv_tab,56,5
after_conv,1,3,3
conv_tab,288,5
after_conv,1,-1,-1
conv_tab,288,1
after_conv,1,-1,-1
conv_tab,350,5
after_conv,1,-1,-1
conv_tab,400,3
after_conv,0,-1,-1
conv_tab,80,3
after_conv,1,-1,-1
conv_tab,112,5
after_conv,1,-1,-1
conv_tab,150,2
after_conv,0,-1,-1
conv_tab,331,3
after_conv,0,-1,-1
conv_tab,56,2
after_conv,0,-1,-1
conv_tab,24,5
after_conv,0,-1,-1
conv_tab,96,3
after_conv,1,-1,-1
conv_tab,150,1
after_conv,0,-1,-1
conv_tab,192,5
after_conv,1,-1,-1
conv_tab,256,5
after_conv,0,-1,-1
conv_tab,120,3
after_conv,1,-1,-1
conv_tab,64,3
after_conv,1,3,3
conv_tab,480,3
after_conv,0,-1,-1
conv_tab,384,1
after_conv,1,-1,-1
conv_tab,80,3
after_conv,1,-1,-1
conv_tab,80,5
after_conv,1,2,4
conv_tab,64,1
after_conv,0,-1,-1
top_tab,2,100
,,
320,20
conv_tab,224,3
after_conv,0,-1,-1
conv_tab,72,5
after_conv,0,-1,-1
conv_tab,224,3
after_conv,0,-1,-1
conv_tab,16,5
after_conv,1,-1,-1
conv_tab,384,5
after_conv,1,-1,-1
conv_tab,192,5
after_conv,0,-1,-1
conv_tab,16,5
after_conv,0,-1,-1
conv_tab,112,5
after_conv,0,-1,-1
conv_tab,144,1
after_conv,0,-1,-1
conv_tab,480,5
after_conv,0,-1,-1
conv_tab,288,3
after_conv,0,-1,-1
conv_tab,100,1
after_conv,1,-1,-1
conv_tab,150,3
after_conv,0,-1,-1
conv_tab,24,1
after_conv,1,-1,-1
conv_tab,512,3
after_conv,1,-1,-1
conv_tab,64,5
after_conv,0,-1,-1
conv_tab,150,2
after_conv,1,-1,-1
conv_tab,400,5
after_conv,1,-1,-1
conv_tab,192,1
after_conv,0,-1,-1
conv_tab,120,3
after_conv,0,-1,-1
top_tab,0,10
,,
600,36
conv_tab,40,1
after_conv,0,-1,-1
conv_tab,40,3
after_conv,1,-1,-1
conv_tab,68,3
after_conv,0,-1,-1
conv_tab,288,3
after_conv,1,-1,-1
conv_tab,96,2
after_conv,0,-1,-1
conv_tab,500,2
after_conv,0,-1,-1
conv_tab,40,1
after_conv,0,-1,-1
conv_tab,400,1
after_conv,1,-1,-1
conv_tab,350,3
after_conv,1,-1,-1
conv_tab,40,1
after_conv,0,-1,-1
conv_tab,200,1
after_conv,0,-1,-1
conv_tab,512,5
after_conv,0,-1,-1
conv_tab,96,5
after_conv,1,-1,-1
conv_tab,350,5
after_conv,1,-1,-1
conv_tab,256,5
after_conv,0,-1,-1
conv_tab,150,2
after_conv,0,-1,-1
conv_tab,80,2
after_conv,0,-1,-1
conv_tab,320,2
after_conv,1,-1,-1
conv_tab,80,3
after_conv,0,-1,-1
conv_tab,288,5
after_conv,0,-1,-1
conv_tab,384,1
after_conv,1,3,1
conv_tab,384,3
after_conv,0,-1,-1
conv_tab,300,5
after_conv,1,-1,-1
conv_tab,300,5
after_conv,0,-1,-1
conv_tab,512,1
after_conv,1,-1,-1
conv_tab,40,3
after_conv,0,-1,-1
conv_tab,56,3
after_conv,1,-1,-1
conv_tab,224,2
after_conv,0,-1,-1
conv_tab,128,2
after_conv,1,-1,-1
conv_tab,128,2
after_conv,0,-1,-1
conv_tab,16,5
after_conv,0,-1,-1
conv_tab,112,2
after_conv,0,-1,-1
conv_tab,200,3
after_conv,0,-1,-1
conv_tab,24,1
after_conv,1,-1,-1
conv_tab,64,2
after_conv,1,-1,-1
conv_tab,300,5
after_conv,1,2,1
top_tab,1,100
,,
600,31
conv_tab,144,1
after_conv,1,2,2
conv_tab,32,1
after_conv,0,-1,-1
conv_tab,48,5
after_conv,1,-1,-1
conv_tab,64,3
after_conv,0,-1,-1
conv_tab,150,1
after_conv,1,-1,-1
conv_tab,200,3
after_conv,0,-1,-1
conv_tab,160,1
after_conv,0,-1,-1
conv_tab,64,5
after_conv,0,-1,-1
conv_tab,384,2
after_conv,1,-1,-1
conv_tab,320,2
after_conv,1,-1,-1
conv_tab,320,5
after_conv,1,2,3
conv_tab,256,5
after_conv,1,-1,-1
conv_tab,112,3
after_conv,0,-1,-1
conv_tab,450,5
after_conv,0,-1,-1
conv_tab,128,5
after_conv,1,-1,-1
conv_tab,384,3
after_conv,1,3,1
conv_tab,384,1
after_conv,1,-1,-1
conv_tab,96,5
after_conv,0,-1,-1
conv_tab,68,3
after_conv,1,-1,-1
conv_tab,320,2
after_conv,1,-1,-1
conv_tab,8,5
after_conv,0,-1,-1
conv_tab,256,1
after_conv,1,-1,-1
conv_tab,128,1
after_conv,1,-1,-1
conv_tab,160,1
after_conv,1,-1,-1
conv_tab,480,3
after_conv,0,-1,-1
conv_tab,40,1
after_conv,1,2,1
conv_tab,350,3
after_conv,0,-1,-1
conv_tab,40,2
after_conv,1,-1,-1
conv_tab,256,2
after_conv,0,-1,-1
conv_tab,300,1
after_conv,1,-1,-1
conv_tab,331,3
after_conv,1,3,3
top_tab,1,100
,,
75,12
conv_tab,256,2
after_conv,1,3,1
conv_tab,100,2
after_conv,0,-1,-1
conv_tab,48,1
after_conv,0,-1,-1
conv_tab,80,2
after_conv,1,-1,-1
conv_tab,80,5
after_conv,1,3,4
conv_tab,56,2
after_conv,1,-1,-1
conv_tab,72,5
after_conv,1,-1,-1
conv_tab,96,5
after_conv,1,-1,-1
conv_tab,68,3
after_conv,1,3,3
conv_tab,112,5
after_conv,0,-1,-1
conv_tab,331,3
after_conv,0,-1,-1
conv_tab,56,1
after_conv,0,-1,-1
top_tab,0,500
,,
